CPU_Load,1,2,3,4,5
0,0.33333333333333337,0.0,0.0,0.0,0.0
1,1.0,0.33333333333333337,0.0,0.0,0.0
2,0.33333333333333337,0.0,0.0,0.6666666666666667,9.0
3,13.0,0.33333333333333337,1.0,0.6666666666666667,0.0
4,0.33333333333333337,0.33333333333333337,0.0,0.6666666666666667,0.0
5,2.0,2.0,2.666666666666667,3.3333333333333335,1.3333333333333335
