CPU_Load,1,2,3,4,5
0,0.004349756666666666,0.0043100099999999995,0.004301846666666667,0.004303189999999999,0.004287073333333333
1,0.004314703333333334,0.004274163333333333,0.004327213333333334,0.004333546666666667,0.004338363333333334
2,0.0043441,0.00441118,0.004342413333333333,0.004356013333333334,0.004491603333333333
3,0.0044931933333333335,0.004399693333333334,0.004335066666666667,0.004367143333333334,0.00433483
4,0.0044539666666666665,0.0044025666666666664,0.00440361,0.004466736666666666,0.004531683333333333
5,0.0044206666666666665,0.004474163333333334,0.004431806666666666,0.004482766666666666,0.004425803333333334
