CPU_Load,1,2,3,4,5
0,2.010000000000005,2.739999999999995,2.019999999999996,1.7600000000000051,2.0
1,26.375,26.595,25.655,25.534999999999997,26.314999999999998
2,51.195,50.94,51.445,51.754999999999995,50.82
3,76.09,76.065,76.035,75.63,79.95
4,99.5,99.505,99.625,99.75,99.625
5,99.625,99.625,99.5,99.5,99.505
