CPU_Load,1,2,3,4,5
0,0.055595823333333336,0.05310651,0.053590363333333335,0.05361822333333334,0.053325950000000004
1,0.054861096666666664,0.05446588666666667,0.05334687,0.053080176666666666,0.05337745333333333
2,0.053595333333333335,0.05364658,0.053530296666666664,0.058482596666666664,0.20638382333333333
3,0.21032963333333332,0.05476428999999999,0.05878981666666667,0.056931126666666665,0.05517908
4,0.05595517,0.05576871333333333,0.05437069333333334,0.06382755,0.055099516666666674
5,0.07182514666666666,0.09790626,0.10950162666666666,0.12401677666666666,0.08254636666666666
