CPU_Load,1,2,3,4,5
0,100.0,100.0,99.66666666666667,99.66666666666667,2.0
1,100.0,100.0,99.66666666666667,99.33333333333333,1.0
2,100.0,100.0,100.0,93.33333333333333,4.0
3,100.0,100.0,91.66666666666666,98.33333333333333,5.333333333333334
4,100.0,100.0,100.0,99.66666666666667,8.0
5,100.0,100.0,99.66666666666667,100.0,18.666666666666668
