CPU_Load,1,2,3,4,5
0,0.00428388,0.004375796666666667,0.00457643,0.0042847300000000005,0.0042837199999999995
1,0.004284183333333334,0.0043609,0.004286783333333334,0.0042921700000000005,0.004264186666666667
2,0.004361353333333333,0.004463383333333334,0.004280036666666666,0.0043082400000000005,0.0042476499999999995
3,0.004354413333333334,0.004345503333333334,0.004502183333333333,0.004488383333333333,0.004335273333333333
4,0.004419296666666666,0.004455283333333333,0.004410866666666667,0.004441096666666667,0.004404996666666667
5,0.004434926666666667,0.004399633333333333,0.004430083333333333,0.004513873333333334,0.0044054
