CPU_Load,1,2,3,4,5
0,3.0,2.989999999999995,3.010000000000005,9.799999999999997,4.239999999999995
1,25.905,26.739999999999995,26.130000000000003,26.564999999999998,26.055
2,52.185,51.55,51.815,51.07,55.989999999999995
3,75.655,76.125,76.0,76.25,76.25
4,99.5,99.38,99.625,99.75,99.625
5,99.625,99.75,99.495,99.495,99.38
