CPU_Load,1,2,3,4,5
0,0.053278693333333335,0.05995519666666667,0.053963543333333336,0.053333900000000004,0.053355309999999996
1,0.05378195333333333,0.05388982666666667,0.05317550333333333,0.05317366,0.05305941333333333
2,0.054045286666666664,0.05601735,0.05418991333333333,0.05616776666666667,0.053499446666666665
3,0.05404521,0.05439663666666667,0.16579227000000002,0.19260680333333333,0.054849923333333335
4,0.05471642,0.06072530333333333,0.05425916666666667,0.054208186666666665,0.054516600000000005
5,0.10756334666666667,0.08304794666666666,0.15000946999999998,0.08129251333333333,0.15528299666666667
