CPU_Load,1,2,3,4,5
0,99.66666666666667,99.66666666666667,4.0,1.0,0.33333333333333337
1,100.0,99.66666666666667,4.666666666666667,0.0,1.0
2,100.0,99.66666666666667,36.0,23.333333333333332,2.0
3,100.0,99.66666666666667,11.666666666666666,3.0,2.3333333333333335
4,100.0,99.66666666666667,16.0,6.0,2.666666666666667
5,100.0,99.66666666666667,55.666666666666664,1.6666666666666667,4.333333333333334
