CPU_Load,1,2,3,4,5
0,0.004279283333333333,0.004461916666666667,0.004290343333333333,0.004325326666666667,0.0043056733333333335
1,0.00431339,0.00426303,0.00430564,0.004254583333333333,0.0043096133333333335
2,0.0043239866666666665,0.0043439233333333336,0.004494893333333333,0.004404536666666667,0.004338326666666667
3,0.004252463333333333,0.0043961799999999995,0.004407856666666667,0.004310433333333334,0.004330243333333333
4,0.004459176666666667,0.0044296399999999994,0.004748763333333333,0.0052493999999999996,0.004430033333333333
5,0.004437936666666666,0.004479673333333333,0.004567293333333333,0.004381690000000001,0.00441404
