CPU_Load,1,2,3,4,5
0,1.7600000000000051,2.519999999999996,5.25,2.510000000000005,2.760000000000005
1,25.595,26.04,27.75,26.119999999999997,26.68
2,52.269999999999996,51.379999999999995,51.885000000000005,52.075,52.0
3,76.35,75.845,75.625,76.435,76.065
4,99.5,99.625,99.625,99.625,99.5
5,99.5,99.5,99.5,99.375,99.375
