CPU_Load,1,2,3,4,5
0,0.05460256666666666,0.05982209333333333,0.054767420000000004,0.05339597,0.05319274
1,0.05370335999999999,0.05318639333333333,0.05341476,0.05309934333333333,0.05411021666666667
2,0.05334240333333334,0.053333533333333336,0.11487515999999999,0.12222318333333333,0.05442023666666666
3,0.056241,0.06139678666666666,0.054322723333333336,0.05834645666666667,0.05650637666666667
4,0.055097973333333335,0.056390673333333335,0.05782612,0.07205711,0.07632221666666666
5,0.13851425333333334,0.12883302666666668,0.09880692666666667,0.07573868,0.14869966333333332
