CPU_Load,1,2,3,4,5
0,98.33333333333333,93.0,2.3333333333333335,10.0,19.666666666666664
1,94.66666666666667,0.0,0.0,22.333333333333332,1.0
2,45.666666666666664,7.333333333333333,0.6666666666666667,4.333333333333334,1.6666666666666667
3,65.66666666666666,0.33333333333333337,0.6666666666666667,0.33333333333333337,10.666666666666668
4,1.0,1.6666666666666667,0.6666666666666667,1.0,0.0
5,2.3333333333333335,8.0,1.6666666666666667,2.3333333333333335,1.3333333333333335
