CPU_Load,1,2,3,4,5
0,0.023554933333333333,0.022054286666666666,0.0029281366666666668,0.003460263333333333,0.02610028
1,0.003634496666666667,0.00275035,0.002555756666666667,0.0028218166666666667,0.00359063
2,0.0030816,0.003755126666666667,0.0025606366666666666,0.0028440733333333335,0.00286514
3,0.0032410833333333332,0.0027424933333333335,0.00278772,0.0027448033333333332,0.0029270833333333336
4,0.002755693333333333,0.0027701566666666665,0.0027462666666666666,0.002769743333333333,0.002757003333333333
5,0.0027815966666666666,0.0028519266666666666,0.00275492,0.0028019866666666665,0.0027653133333333333
