CPU_Load,1,2,3,4,5
0,1.9899999999999949,9.819999999999993,1.9899999999999949,1.519999999999996,2.25
1,25.375,25.78,31.830000000000002,25.47,25.875
2,51.0,51.57,51.504999999999995,51.185,51.255
3,77.695,78.1,80.30499999999999,75.94,75.405
4,99.625,99.625,99.75,99.875,99.75
5,99.625,99.625,99.625,99.875,99.75
