CPU_Load,1,2,3,4,5
0,0.08897993666666668,0.09897155666666667,0.07386456333333334,0.09910070333333333,0.09138957
1,0.08411108333333334,0.05796197000000001,0.05280614333333333,0.09748321666666666,0.08355968
2,0.0791166,0.11054126333333333,0.057761716666666664,0.07781006,0.07781604
3,0.08075861,0.05475193666666667,0.059091166666666674,0.054626759999999996,0.19305744
4,0.05425136,0.06393855333333333,0.055343840000000005,0.056442243333333336,0.053359863333333334
5,0.07924993333333333,0.23169420000000002,0.08273673333333334,0.08135017,0.07076382666666667
