CPU_Load,1,2,3,4,5
0,100.0,100.0,35.0,0.6666666666666667,0.0
1,100.0,100.0,1.0,0.33333333333333337,1.0
2,100.0,100.0,6.333333333333334,16.666666666666664,13.0
3,100.0,99.33333333333333,7.000000000000001,1.6666666666666667,0.6666666666666667
4,100.0,99.33333333333333,8.333333333333332,0.33333333333333337,3.6666666666666665
5,100.0,100.0,15.0,9.0,2.0
