CPU_Load,1,2,3,4,5
0,0.00437784,0.004321093333333333,0.004414696666666666,0.00433977,0.004338553333333333
1,0.00440027,0.00435261,0.004312143333333334,0.004284893333333334,0.004289973333333333
2,0.00430615,0.004346143333333333,0.004293056666666666,0.005235316666666667,0.004506066666666667
3,0.004457073333333333,0.00465707,0.004398116666666666,0.00433656,0.0043078633333333335
4,0.004433176666666667,0.004765756666666667,0.0043910166666666665,0.00440813,0.00582219
5,0.004392793333333334,0.004457086666666667,0.0044784000000000004,0.00454288,0.0044160833333333335
