CPU_Load,1,2,3,4,5
0,3.730000000000004,5.469999999999999,4.790000000000006,17.540000000000006,4.489999999999995
1,33.67,28.665000000000006,25.345,25.560000000000002,25.504999999999995
2,59.47,52.06,53.845,52.614999999999995,52.45
3,77.055,80.92,76.625,77.025,81.095
4,99.375,99.38,99.5,99.5,99.505
5,99.505,99.625,99.625,99.5,99.625
