CPU_Load,1,2,3,4,5
0,0.06758241000000001,0.05312829,0.08511742,0.055623526666666666,0.05317562
1,0.08698151,0.06126248,0.053020156666666665,0.053298,0.053973730000000004
2,0.10013609666666666,0.05544132,0.0606169,0.12973558333333335,0.17402024
3,0.14479490333333334,0.2325671933333333,0.05482650666666667,0.05742863333333333,0.05454405666666666
4,0.05721617,0.17290688333333334,0.054126233333333336,0.05626571,0.09076595333333333
5,0.07840790333333333,0.07709560666666668,0.08315166333333333,0.28126187333333336,0.08421362666666667
