CPU_Load,baseline,cgroup,crun,runc,youki
0,0.9999869443443443,1.000026178978979,0.9999851123123124,0.9999913843843844,0.9999773351351352
1,1.0000007411411411,0.9999954090090091,0.9999661617617618,0.9999620630630631,0.9999635909909911
2,0.9999864778778779,0.9999945167167168,0.9999551085085086,0.9999564936936937,0.999967385985986
3,0.999985397997998,0.9999772718718718,0.9999523509509509,0.9999558466466467,0.99994916996997
4,0.9999780154154154,0.9999772320320321,0.9999478102102102,0.999950617017017,0.9999501783783783
5,0.9999767353353354,0.9999776030030031,0.9999522570570569,0.999948975975976,0.9999517607607608
