CPU_Load,1,2,3,4,5
0,97.66666666666667,64.66666666666666,77.0,30.666666666666664,8.0
1,1.0,12.0,8.0,1.0,1.0
2,0.6666666666666667,29.666666666666668,2.666666666666667,0.6666666666666667,0.33333333333333337
3,11.666666666666666,16.666666666666664,4.0,0.6666666666666667,1.6666666666666667
4,2.0,0.6666666666666667,0.6666666666666667,1.0,2.666666666666667
5,2.3333333333333335,1.3333333333333335,3.3333333333333335,5.0,1.0
