CPU_Load,1,2,3,4,5
0,0.025368043333333333,0.0031074966666666667,0.0030327166666666667,0.0043426,0.00693764
1,0.00272797,0.00294538,0.00348475,0.002639463333333333,0.0029032333333333334
2,0.0029584333333333335,0.003060206666666667,0.0028301,0.0028218966666666667,0.0029757566666666667
3,0.0031648233333333334,0.00348114,0.00274057,0.00307652,0.00278441
4,0.0027758066666666668,0.0027554066666666665,0.0027534233333333332,0.00275466,0.0027885633333333336
5,0.002780463333333333,0.002766153333333333,0.00279649,0.00279066,0.002769873333333333
