CPU_Load,1,2,3,4,5
0,15.870000000000005,2.0,1.5100000000000051,13.069999999999993,4.290000000000006
1,25.53,32.065,25.47,25.620000000000005,34.105000000000004
2,51.695,51.065,51.31,51.56,52.695
3,76.0,75.785,75.97,75.94,77.65
4,99.75,99.5,99.875,100.0,99.875
5,99.75,99.875,99.875,100.0,99.875
