CPU_Load,1,2,3,4,5
0,0.08739007,0.09646067333333333,0.09907456333333334,0.10451322666666667,0.09568101666666667
1,0.058525070000000005,0.08541828333333333,0.08421818333333334,0.08066601666666667,0.03742838666666667
2,0.05375424,0.08405943333333334,0.07687956,0.07777832333333334,0.041108900000000004
3,0.17348904,0.08323432333333333,0.08170549666666665,0.07857693333333333,0.09532244666666667
4,0.06599106333333332,0.05689796,0.05706935666666666,0.05581871666666667,0.08914898
5,0.07134517333333333,0.023591536666666666,0.10243435333333333,0.10650840333333333,0.06232418333333333
